chr1:243668598,A,c.1393C>T
chr1:243776983,C,c.686A>G
chr1:243800926,T,c.548T>A
chr3:178916854,A,c.241G>A
chr3:178916876,A,c.263G>A
chr3:178922321,A,c.1090G>A
chr3:178922324,A,c.1093G>A
chr3:178922364,A,c.1133G>A
chr3:178927980,C,c.1258T>C
chr3:178928080,D,c.1359_1361del
chr3:178928081,D,c.1359_1361del
chr3:178928082,D,c.1359_1361del
chr3:178936082,A,c.1624G>A
chr3:178936091,A,c.1633G>A
chr3:178938934,A,c.2176G>A
chr3:178947865,A,c.2740G>A
chr3:178952007,G,c.3062A>G
chr3:178952018,G,c.3073A>G
chr3:178952049,T,c.3104C>T
chr3:178952074,T,c.3129G>T
chr3:178952084,T,c.3139C>T
chr3:178952085,G,c.3140A>G
chr3:178952090,A,c.3145G>A
chr3:178916957,C,c.344G>C
chr14:105246551,T,c.49G>A
chr19:18273784,A,c.1117G>A
chr19:18273869,C,c.1202T>C
